<?xml version="1.0" encoding="UTF-8"?>
<project-private xmlns="http://www.netbeans.org/ns/project-private/1">
    <editor-bookmarks xmlns="http://www.netbeans.org/ns/editor-bookmarks/2" lastBookmarkId="0"/>
    <open-files xmlns="http://www.netbeans.org/ns/projectui-open-files/2">
        <group>
            <file>file:/mnt/Documentos/Facultad/Tecnicas%20Digitales%20III/Practicos/repo/TD3/TP6/guia_6.X/user.h</file>
            <file>file:/mnt/Documentos/Facultad/Tecnicas%20Digitales%20III/Practicos/repo/TD3/TP6/guia_6.X/system.c</file>
            <file>file:/mnt/Documentos/Facultad/Tecnicas%20Digitales%20III/Practicos/repo/TD3/TP6/guia_6.X/configuration_bits.c</file>
            <file>file:/mnt/Documentos/Facultad/Tecnicas%20Digitales%20III/Practicos/repo/TD3/TP6/guia_6.X/main.c</file>
            <file>file:/mnt/Documentos/Facultad/Tecnicas%20Digitales%20III/Practicos/repo/TD3/TP6/guia_6.X/project_information.txt</file>
            <file>file:/mnt/Documentos/Facultad/Tecnicas%20Digitales%20III/Practicos/repo/TD3/TP6/guia_6.X/interrupts.c</file>
            <file>file:/mnt/Documentos/Facultad/Tecnicas%20Digitales%20III/Practicos/repo/TD3/TP6/guia_6.X/user.c</file>
        </group>
    </open-files>
</project-private>
